 Óbitos por causas externas - Bahia;;;;;
Óbitos por Ocorrência por Município-BA e Grande Grupo CID10;;;;;
Grande Grupo CID10: X60-X84 Lesões autoprovocadas voluntariamente;;;;;
Período:2022;;;;;
Município-BA;CÓDITO DO TI;NOME DO TERRITÓRIO DE IDENTIDADE;Suicídios Geral 0 2022;Suicidios PAF 0 2022;% Suicídios 2022
290115 América Dourada;1;Irecê;1;0;0,0%
290300 Barra do Mendes;1;Irecê;3;0;0,0%
290323 Barro Alto;1;Irecê;2;0;0,0%
290530 Cafarnaum;1;Irecê;1;0;0,0%
290620 Canarana;1;Irecê;4;0;0,0%
290760 Central;1;Irecê;2;0;0,0%
291130 Gentio do Ouro;1;Irecê;1;0;0,0%
291240 Ibipeba;1;Irecê;2;0;0,0%
291310 Ibititá;1;Irecê;0;0;#DIV/0!
291410 Ipupiara;1;Irecê;1;1;100,0%
291460 Irecê;1;Irecê;12;0;0,0%
291535 Itaguaçu da Bahia;1;Irecê;0;1;#DIV/0!
291835 João Dourado;1;Irecê;2;0;0,0%
291850 Jussara;1;Irecê;3;0;0,0%
291915 Lapão;1;Irecê;2;0;0,0%
292205 Mulungu do Morro;1;Irecê;0;0;#DIV/0!
292560 Presidente Dutra;1;Irecê;2;0;0,0%
292925 São Gabriel;1;Irecê;3;0;0,0%
293240 Uibaí;1;Irecê;0;0;#DIV/0!
293360 Xique-Xique;1;Irecê;1;0;0,0%
TOTAL TI;1;Irecê;42;2;4,8%
290270 Barra;2;Velho Chico;3;0;0,0%
290390 Bom Jesus da Lapa;2;Velho Chico;3;0;0,0%
290450 Brotas de Macaúbas;2;Velho Chico;2;0;0,0%
290710 Carinhanha;2;Velho Chico;1;0;0,0%
291077 Feira da Mata;2;Velho Chico;0;0;#DIV/0!
291320 Ibotirama;2;Velho Chico;2;0;0,0%
291340 Igaporã;2;Velho Chico;1;0;0,0%
292020 Malhada;2;Velho Chico;1;0;0,0%
292105 Matina;2;Velho Chico;1;0;0,0%
292160 Morpará;2;Velho Chico;1;0;0,0%
292225 Muquém de São Francisco;2;Velho Chico;0;0;#DIV/0!
292320 Oliveira dos Brejinhos;2;Velho Chico;5;1;20,0%
292370 Paratinga;2;Velho Chico;1;0;0,0%
292640 Riacho de Santana;2;Velho Chico;3;0;0,0%
293015 Serra do Ramalho;2;Velho Chico;7;2;28,6%
293075 Sítio do Mato;2;Velho Chico;0;0;#DIV/0!
TOTAL TI;2;Velho Chico;31;3;9,7%
290010 Abaíra;3;Chapada Diamantina;0;0;#DIV/0!
290130 Andaraí;3;Chapada Diamantina;0;0;#DIV/0!
290280 Barra da Estiva;3;Chapada Diamantina;1;0;0,0%
290400 Boninal;3;Chapada Diamantina;0;0;#DIV/0!
290405 Bonito;3;Chapada Diamantina;0;0;#DIV/0!
291220 Ibicoara;3;Chapada Diamantina;2;0;0,0%
291300 Ibitiara;3;Chapada Diamantina;4;0;0,0%
291430 Iramaia;3;Chapada Diamantina;1;0;0,0%
291440 Iraquara;3;Chapada Diamantina;4;1;25,0%
291500 Itaeté;3;Chapada Diamantina;1;0;0,0%
291860 Jussiape;3;Chapada Diamantina;0;0;#DIV/0!
291930 Lençóis;3;Chapada Diamantina;1;0;0,0%
292080 Marcionílio Souza;3;Chapada Diamantina;0;0;#DIV/0!
292170 Morro do Chapéu;3;Chapada Diamantina;6;0;0,0%
292190 Mucugê;3;Chapada Diamantina;1;0;0,0%
292285 Nova Redenção;3;Chapada Diamantina;0;0;#DIV/0!
292303 Novo Horizonte;3;Chapada Diamantina;2;0;0,0%
292350 Palmeiras;3;Chapada Diamantina;0;0;#DIV/0!
292430 Piatã;3;Chapada Diamantina;3;0;0,0%
292670 Rio de Contas;3;Chapada Diamantina;0;0;#DIV/0!
292990 Seabra;3;Chapada Diamantina;10;0;0,0%
293080 Souto Soares;3;Chapada Diamantina;0;0;#DIV/0!
293280 Utinga;3;Chapada Diamantina;0;0;#DIV/0!
293340 Wagner;3;Chapada Diamantina;1;0;0,0%
TOTAL TI;3;Chapada Diamantina;37;1;2,7%
290210 Araci;4;Sisal;1;0;0,0%
290327 Barrocas;4;Sisal;0;0;#DIV/0!
290360 Biritinga;4;Sisal;1;0;0,0%
290640 Candeal;4;Sisal;1;0;0,0%
290680 Cansanção;4;Sisal;1;0;0,0%
290840 Conceição do Coité;4;Sisal;2;0;0,0%
291330 Ichu;4;Sisal;2;0;0,0%
291700 Itiúba;4;Sisal;1;0;0,0%
291910 Lamarão;4;Sisal;0;0;#DIV/0!
292150 Monte Santo;4;Sisal;2;0;0,0%
292265 Nordestina;4;Sisal;0;0;#DIV/0!
292580 Queimadas;4;Sisal;3;0;0,0%
292590 Quijingue;4;Sisal;1;0;0,0%
292610 Retirolândia;4;Sisal;3;0;0,0%
292800 Santaluz;4;Sisal;5;0;0,0%
292895 São Domingos;4;Sisal;0;0;#DIV/0!
293050 Serrinha;4;Sisal;6;0;0,0%
293150 Teofilândia;4;Sisal;1;0;0,0%
293190 Tucano;4;Sisal;1;0;0,0%
293300 Valente;4;Sisal;0;0;#DIV/0!
TOTAL TI;4;Sisal;31;0;0,0%
290090 Almadina;5;Litoral Sul;0;0;#DIV/0!
290225 Arataca;5;Litoral Sul;0;1;#DIV/0!
290240 Aurelino Leal;5;Litoral Sul;3;0;0,0%
290330 Barro Preto;5;Litoral Sul;1;0;0,0%
290470 Buerarema;5;Litoral Sul;1;0;0,0%
290560 Camacan;5;Litoral Sul;0;0;#DIV/0!
290630 Canavieiras;5;Litoral Sul;2;0;0,0%
290800 Coaraci;5;Litoral Sul;0;0;#DIV/0!
291100 Floresta Azul;5;Litoral Sul;0;0;#DIV/0!
291210 Ibicaraí;5;Litoral Sul;4;0;0,0%
291360 Ilhéus;5;Litoral Sul;16;0;0,0%
291480 Itabuna;5;Litoral Sul;2;3;150,0%
291490 Itacaré;5;Litoral Sul;2;0;0,0%
291540 Itaju do Colônia;5;Litoral Sul;0;0;#DIV/0!
291550 Itajuípe;5;Litoral Sul;1;0;0,0%
291620 Itapé;5;Litoral Sul;0;0;#DIV/0!
291660 Itapitanga;5;Litoral Sul;1;0;0,0%
291855 Jussari;5;Litoral Sul;0;0;#DIV/0!
292070 Maraú;5;Litoral Sul;2;0;0,0%
292090 Mascote;5;Litoral Sul;0;0;#DIV/0!
292390 Pau Brasil;5;Litoral Sul;1;0;0,0%
292805 Santa Luzia;5;Litoral Sul;0;0;#DIV/0!
292935 São José da Vitória;5;Litoral Sul;0;0;#DIV/0!
293220 Ubaitaba;5;Litoral Sul;0;0;#DIV/0!
293250 Una;5;Litoral Sul;0;0;#DIV/0!
293270 Uruçuca;5;Litoral Sul;0;0;#DIV/0!
TOTAL TI;5;Litoral Sul;36;4;11,1%
290230 Aratuípe;6;Baixo Sul;0;0;#DIV/0!
290540 Cairu;6;Baixo Sul;3;0;0,0%
290580 Camamu;6;Baixo Sul;1;0;0,0%
291120 Gandu;6;Baixo Sul;1;0;0,0%
291270 Ibirapitanga;6;Baixo Sul;0;0;#DIV/0!
291345 Igrapiúna;6;Baixo Sul;1;0;0,0%
291730 Ituberá;6;Baixo Sul;1;0;0,0%
291780 Jaguaripe;6;Baixo Sul;0;0;#DIV/0!
292260 Nilo Peçanha;6;Baixo Sul;1;0;0,0%
292467 Piraí do Norte;6;Baixo Sul;0;0;#DIV/0!
292575 Presidente Tancredo Neves;6;Baixo Sul;2;0;0,0%
293120 Taperoá;6;Baixo Sul;0;0;#DIV/0!
293160 Teolândia;6;Baixo Sul;2;0;0,0%
293290 Valença;6;Baixo Sul;9;0;0,0%
293350 Wenceslau Guimarães;6;Baixo Sul;3;0;0,0%
TOTAL TI;6;Baixo Sul;24;0;0,0%
290080 Alcobaça;7;Extremo Sul;1;0;0,0%
290690 Caravelas;7;Extremo Sul;1;0;0,0%
291280 Ibirapuã;7;Extremo Sul;0;0;#DIV/0!
291560 Itamaraju;7;Extremo Sul;3;1;33,3%
291600 Itanhém;7;Extremo Sul;1;0;0,0%
291845 Jucuruçu;7;Extremo Sul;0;0;#DIV/0!
291890 Lajedão;7;Extremo Sul;0;0;#DIV/0!
292110 Medeiros Neto;7;Extremo Sul;0;0;#DIV/0!
292200 Mucuri;7;Extremo Sul;2;1;50,0%
292300 Nova Viçosa;7;Extremo Sul;1;0;0,0%
292550 Prado;7;Extremo Sul;3;0;0,0%
293135 Teixeira de Freitas;7;Extremo Sul;6;0;0,0%
293325 Vereda;7;Extremo Sul;0;0;#DIV/0!
TOTAL TI;7;Extremo Sul;18;2;11,1%
290480 Caatiba;8;Médio Sudoeste da Bahia;0;0;#DIV/0!
291090 Firmino Alves;8;Médio Sudoeste da Bahia;1;0;0,0%
291230 Ibicuí;8;Médio Sudoeste da Bahia;0;0;#DIV/0!
291350 Iguaí;8;Médio Sudoeste da Bahia;1;0;0,0%
291580 Itambé;8;Médio Sudoeste da Bahia;1;0;0,0%
291640 Itapetinga;8;Médio Sudoeste da Bahia;10;0;0,0%
291680 Itarantim;8;Médio Sudoeste da Bahia;1;0;0,0%
291710 Itororó;8;Médio Sudoeste da Bahia;3;0;0,0%
291970 Macarani;8;Médio Sudoeste da Bahia;2;1;50,0%
292000 Maiquinique;8;Médio Sudoeste da Bahia;0;1;#DIV/0!
292270 Nova Canaã;8;Médio Sudoeste da Bahia;1;0;0,0%
292540 Potiraguá;8;Médio Sudoeste da Bahia;1;0;0,0%
292780 Santa Cruz da Vitória;8;Médio Sudoeste da Bahia;0;0;#DIV/0!
TOTAL TI;8;Médio Sudoeste da Bahia;21;2;9,5%
290100 Amargosa;9;Vale do Jiquiriçá;2;1;50,0%
290430 Brejões;9;Vale do Jiquiriçá;0;0;#DIV/0!
290950 Cravolândia;9;Vale do Jiquiriçá;1;0;0,0%
291030 Elísio Medrado;9;Vale do Jiquiriçá;0;0;#DIV/0!
291420 Irajuba;9;Vale do Jiquiriçá;0;0;#DIV/0!
291670 Itaquara;9;Vale do Jiquiriçá;1;0;0,0%
291690 Itiruçu;9;Vale do Jiquiriçá;4;0;0,0%
291760 Jaguaquara;9;Vale do Jiquiriçá;2;0;0,0%
291820 Jiquiriçá;9;Vale do Jiquiriçá;1;0;0,0%
291870 Lafaiete Coutinho;9;Vale do Jiquiriçá;0;0;#DIV/0!
291880 Laje;9;Vale do Jiquiriçá;1;0;0,0%
291905 Lajedo do Tabocal;9;Vale do Jiquiriçá;1;0;0,0%
292050 Maracás;9;Vale do Jiquiriçá;3;0;0,0%
292130 Milagres;9;Vale do Jiquiriçá;0;0;#DIV/0!
292240 Mutuípe;9;Vale do Jiquiriçá;0;0;#DIV/0!
292280 Nova Itarana;9;Vale do Jiquiriçá;0;0;#DIV/0!
292490 Planaltino;9;Vale do Jiquiriçá;0;0;#DIV/0!
292790 Santa Inês;9;Vale do Jiquiriçá;0;0;#DIV/0!
292940 São Miguel das Matas;9;Vale do Jiquiriçá;2;0;0,0%
293210 Ubaíra;9;Vale do Jiquiriçá;1;0;0,0%
TOTAL TI;9;Vale do Jiquiriçá;19;1;5,3%
290590 Campo Alegre de Lourdes;10;Sertão do São Francisco;0;0;#DIV/0!
290682 Canudos;10;Sertão do São Francisco;1;1;100,0%
290720 Casa Nova;10;Sertão do São Francisco;3;0;0,0%
290990 Curaçá;10;Sertão do São Francisco;1;0;0,0%
291840 Juazeiro;10;Sertão do São Francisco;16;0;0,0%
292440 Pilão Arcado;10;Sertão do São Francisco;2;0;0,0%
292600 Remanso;10;Sertão do São Francisco;3;0;0,0%
293020 Sento Sé;10;Sertão do São Francisco;1;0;0,0%
293077 Sobradinho;10;Sertão do São Francisco;3;0;0,0%
293200 Uauá;10;Sertão do São Francisco;7;0;0,0%
TOTAL TI;10;Sertão do São Francisco;37;1;2,7%
290140 Angical;11;Bacia do Rio Grande;3;0;0,0%
290250 Baianópolis;11;Bacia do Rio Grande;0;0;#DIV/0!
290320 Barreiras;11;Bacia do Rio Grande;16;3;18,8%
290475 Buritirama;11;Bacia do Rio Grande;0;0;#DIV/0!
290740 Catolândia;11;Bacia do Rio Grande;1;0;0,0%
290940 Cotegipe;11;Bacia do Rio Grande;0;0;#DIV/0!
290970 Cristópolis;11;Bacia do Rio Grande;1;0;0,0%
291110 Formosa do Rio Preto;11;Bacia do Rio Grande;1;0;0,0%
291955 Luís Eduardo Magalhães;11;Bacia do Rio Grande;8;0;0,0%
292045 Mansidão;11;Bacia do Rio Grande;0;0;#DIV/0!
292620 Riachão das Neves;11;Bacia do Rio Grande;7;1;14,3%
292840 Santa Rita de Cássia;11;Bacia do Rio Grande;2;1;50,0%
292890 São Desidério;11;Bacia do Rio Grande;0;0;#DIV/0!
293345 Wanderley;11;Bacia do Rio Grande;2;1;50,0%
TOTAL TI;11;Bacia do Rio Grande;41;6;14,6%
290410 Boquira;12;Bacia do Paramirim;1;0;0,0%
290420 Botuporã;12;Bacia do Paramirim;0;0;#DIV/0!
290755 Caturama;12;Bacia do Paramirim;1;0;0,0%
290050 Érico Cardoso;12;Bacia do Paramirim;0;0;#DIV/0!
291250 Ibipitanga;12;Bacia do Paramirim;1;0;0,0%
291980 Macaúbas;12;Bacia do Paramirim;4;0;0,0%
292360 Paramirim;12;Bacia do Paramirim;3;1;33,3%
292690 Rio do Pires;12;Bacia do Paramirim;2;0;0,0%
TOTAL TI;12;Bacia do Paramirim;12;1;8,3%
290460 Brumado;13;Sertão Produtivo;7;0;0,0%
290500 Caculé;13;Sertão Produtivo;5;0;0,0%
290520 Caetité;13;Sertão Produtivo;2;0;0,0%
290660 Candiba;13;Sertão Produtivo;1;0;0,0%
290880 Contendas do Sincorá;13;Sertão Produtivo;0;0;#DIV/0!
291010 Dom Basílio;13;Sertão Produtivo;0;0;#DIV/0!
291170 Guanambi;13;Sertão Produtivo;16;0;0,0%
291200 Ibiassucê;13;Sertão Produtivo;0;0;#DIV/0!
291720 Ituaçu;13;Sertão Produtivo;5;0;0,0%
291733 Iuiú;13;Sertão Produtivo;0;0;#DIV/0!
291875 Lagoa Real;13;Sertão Produtivo;1;0;0,0%
291950 Livramento de Nossa Senhora;13;Sertão Produtivo;3;0;0,0%
292030 Malhada de Pedras;13;Sertão Produtivo;2;0;0,0%
292340 Palmas de Monte Alto;13;Sertão Produtivo;0;0;#DIV/0!
292450 Pindaí;13;Sertão Produtivo;0;0;#DIV/0!
292680 Rio do Antônio;13;Sertão Produtivo;0;1;#DIV/0!
293000 Sebastião Laranjeiras;13;Sertão Produtivo;2;0;0,0%
293100 Tanhaçu;13;Sertão Produtivo;5;0;0,0%
293105 Tanque Novo;13;Sertão Produtivo;1;0;0,0%
293260 Urandi;13;Sertão Produtivo;2;0;0,0%
TOTAL TI;13;Sertão Produtivo;52;1;1,9%
290380 Boa Vista do Tupim;14;Piemonte do Paraguaçu;2;0;0,0%
291190 Iaçu;14;Piemonte do Paraguaçu;3;0;0,0%
291260 Ibiquera;14;Piemonte do Paraguaçu;1;1;100,0%
291470 Itaberaba;14;Piemonte do Paraguaçu;4;0;0,0%
291685 Itatim;14;Piemonte do Paraguaçu;2;0;0,0%
291900 Lajedinho;14;Piemonte do Paraguaçu;1;0;0,0%
291960 Macajuba;14;Piemonte do Paraguaçu;0;0;#DIV/0!
292210 Mundo Novo;14;Piemonte do Paraguaçu;5;0;0,0%
292480 Piritiba;14;Piemonte do Paraguaçu;0;0;#DIV/0!
292595 Rafael Jambeiro;14;Piemonte do Paraguaçu;0;0;#DIV/0!
292720 Ruy Barbosa;14;Piemonte do Paraguaçu;2;0;0,0%
292850 Santa Teresinha;14;Piemonte do Paraguaçu;1;0;0,0%
293130 Tapiramutá;14;Piemonte do Paraguaçu;2;0;0,0%
TOTAL TI;14;Piemonte do Paraguaçu;23;1;4,3%
290260 Baixa Grande;15;Bacia do Jacuípe;1;0;0,0%
290685 Capela do Alto Alegre;15;Bacia do Jacuípe;0;0;#DIV/0!
290687 Capim Grosso;15;Bacia do Jacuípe;3;1;33,3%
291125 Gavião;15;Bacia do Jacuípe;1;0;0,0%
291400 Ipirá;15;Bacia do Jacuípe;2;1;50,0%
292010 Mairi;15;Bacia do Jacuípe;1;1;100,0%
292273 Nova Fátima;15;Bacia do Jacuípe;2;0;0,0%
292405 Pé de Serra;15;Bacia do Jacuípe;0;0;#DIV/0!
292465 Pintadas;15;Bacia do Jacuípe;0;0;#DIV/0!
292593 Quixabeira;15;Bacia do Jacuípe;0;0;#DIV/0!
292630 Riachão do Jacuípe;15;Bacia do Jacuípe;0;0;#DIV/0!
292937 São José do Jacuípe;15;Bacia do Jacuípe;0;0;#DIV/0!
293040 Serra Preta;15;Bacia do Jacuípe;0;0;#DIV/0!
293305 Várzea da Roça;15;Bacia do Jacuípe;0;0;#DIV/0!
293310 Várzea do Poço;15;Bacia do Jacuípe;1;0;0,0%
TOTAL TI;15;Bacia do Jacuípe;11;3;27,3%
290510 Caém;16;Piemonte da Diamantina;1;0;0,0%
291750 Jacobina;16;Piemonte da Diamantina;7;3;42,9%
292120 Miguel Calmon;16;Piemonte da Diamantina;2;0;0,0%
292140 Mirangaba;16;Piemonte da Diamantina;0;0;#DIV/0!
292335 Ourolândia;16;Piemonte da Diamantina;2;0;0,0%
292980 Saúde;16;Piemonte da Diamantina;1;0;0,0%
293060 Serrolândia;16;Piemonte da Diamantina;1;0;0,0%
293245 Umburanas;16;Piemonte da Diamantina;2;0;0,0%
293315 Várzea Nova;16;Piemonte da Diamantina;3;0;0,0%
TOTAL TI;16;Piemonte da Diamantina;19;3;15,8%
290035 Adustina;17;Semiárido Nordeste II;0;0;#DIV/0!
290160 Antas;17;Semiárido Nordeste II;2;0;0,0%
290265 Banzaê;17;Semiárido Nordeste II;1;0;0,0%
290780 Cícero Dantas;17;Semiárido Nordeste II;4;1;25,0%
290790 Cipó;17;Semiárido Nordeste II;1;0;0,0%
290920 Coronel João Sá;17;Semiárido Nordeste II;2;0;0,0%
291070 Euclides da Cunha;17;Semiárido Nordeste II;7;1;14,3%
291075 Fátima;17;Semiárido Nordeste II;2;0;0,0%
291185 Heliópolis;17;Semiárido Nordeste II;0;0;#DIV/0!
291810 Jeremoabo;17;Semiárido Nordeste II;1;0;0,0%
292290 Nova Soure;17;Semiárido Nordeste II;4;0;0,0%
292305 Novo Triunfo;17;Semiárido Nordeste II;0;0;#DIV/0!
292380 Paripiranga;17;Semiárido Nordeste II;2;0;0,0%
292420 Pedro Alexandre;17;Semiárido Nordeste II;1;0;0,0%
292650 Ribeira do Amparo;17;Semiárido Nordeste II;1;0;0,0%
292660 Ribeira do Pombal;17;Semiárido Nordeste II;5;1;20,0%
292760 Santa Brígida;17;Semiárido Nordeste II;1;0;0,0%
293076 Sítio do Quinto;17;Semiárido Nordeste II;1;0;0,0%
TOTAL TI;17;Semiárido Nordeste II;35;3;8,6%
290030 Acajutiba;18;Litoral Norte e Agreste Baiano;0;0;#DIV/0!
290070 Alagoinhas;18;Litoral Norte e Agreste Baiano;8;0;0,0%
290190 Aporá;18;Litoral Norte e Agreste Baiano;0;0;#DIV/0!
290205 Araças;18;Litoral Norte e Agreste Baiano;0;0;#DIV/0!
290220 Aramari;18;Litoral Norte e Agreste Baiano;2;0;0,0%
290700 Cardeal da Silva;18;Litoral Norte e Agreste Baiano;0;0;#DIV/0!
290750 Catu;18;Litoral Norte e Agreste Baiano;3;0;0,0%
290860 Conde;18;Litoral Norte e Agreste Baiano;0;0;#DIV/0!
290960 Crisópolis;18;Litoral Norte e Agreste Baiano;3;0;0,0%
291050 Entre Rios;18;Litoral Norte e Agreste Baiano;3;0;0,0%
291060 Esplanada;18;Litoral Norte e Agreste Baiano;1;0;0,0%
291370 Inhambupe;18;Litoral Norte e Agreste Baiano;3;0;0,0%
291590 Itanagra;18;Litoral Norte e Agreste Baiano;0;0;#DIV/0!
291650 Itapicuru;18;Litoral Norte e Agreste Baiano;1;0;0,0%
291790 Jandaíra;18;Litoral Norte e Agreste Baiano;1;0;0,0%
292310 Olindina;18;Litoral Norte e Agreste Baiano;1;0;0,0%
292330 Ouriçangas;18;Litoral Norte e Agreste Baiano;1;0;0,0%
292410 Pedrão;18;Litoral Norte e Agreste Baiano;0;0;#DIV/0!
292700 Rio Real;18;Litoral Norte e Agreste Baiano;1;0;0,0%
292970 Sátiro Dias;18;Litoral Norte e Agreste Baiano;1;0;0,0%
TOTAL TI;18;Litoral Norte e Agreste Baiano;29;0;0,0%
290040 Água Fria;19;Portal do Sertão;1;0;0,0%
290110 Amélia Rodrigues;19;Portal do Sertão;0;0;#DIV/0!
290150 Anguera;19;Portal do Sertão;0;0;#DIV/0!
290170 Antônio Cardoso;19;Portal do Sertão;2;0;0,0%
290820 Conceição da Feira;19;Portal do Sertão;0;0;#DIV/0!
290850 Conceição do Jacuípe;19;Portal do Sertão;4;1;25,0%
290890 Coração de Maria;19;Portal do Sertão;0;0;#DIV/0!
291080 Feira de Santana;19;Portal do Sertão;29;0;0,0%
291380 Ipecaetá;19;Portal do Sertão;0;0;#DIV/0!
291450 Irará;19;Portal do Sertão;0;0;#DIV/0!
292750 Santa Bárbara;19;Portal do Sertão;0;0;#DIV/0!
292830 Santanópolis;19;Portal do Sertão;1;0;0,0%
292880 Santo Estêvão;19;Portal do Sertão;1;0;0,0%
292930 São Gonçalo dos Campos;19;Portal do Sertão;0;0;#DIV/0!
293110 Tanquinho;19;Portal do Sertão;0;0;#DIV/0!
293140 Teodoro Sampaio;19;Portal do Sertão;0;0;#DIV/0!
293170 Terra Nova;19;Portal do Sertão;0;0;#DIV/0!
TOTAL TI;19;Portal do Sertão;38;1;2,6%
290120 Anagé;20;Sudoeste Baiano;1;0;0,0%
290200 Aracatu;20;Sudoeste Baiano;0;0;#DIV/0!
290290 Barra do Choça;20;Sudoeste Baiano;3;0;0,0%
290350 Belo Campo;20;Sudoeste Baiano;1;0;0,0%
290395 Bom Jesus da Serra;20;Sudoeste Baiano;1;1;100,0%
290515 Caetanos;20;Sudoeste Baiano;0;0;#DIV/0!
290670 Cândido Sales;20;Sudoeste Baiano;0;0;#DIV/0!
290689 Caraíbas;20;Sudoeste Baiano;0;0;#DIV/0!
290870 Condeúba;20;Sudoeste Baiano;1;0;0,0%
290900 Cordeiros;20;Sudoeste Baiano;0;0;#DIV/0!
291040 Encruzilhada;20;Sudoeste Baiano;2;0;0,0%
291165 Guajeru;20;Sudoeste Baiano;0;0;#DIV/0!
291740 Jacaraci;20;Sudoeste Baiano;0;0;#DIV/0!
291940 Licínio de Almeida;20;Sudoeste Baiano;2;0;0,0%
291995 Maetinga;20;Sudoeste Baiano;2;0;0,0%
292145 Mirante;20;Sudoeste Baiano;1;0;0,0%
292180 Mortugaba;20;Sudoeste Baiano;0;0;#DIV/0!
292470 Piripá;20;Sudoeste Baiano;0;0;#DIV/0!
292500 Planalto;20;Sudoeste Baiano;0;0;#DIV/0!
292510 Poções;20;Sudoeste Baiano;0;0;#DIV/0!
292570 Presidente Jânio Quadros;20;Sudoeste Baiano;0;0;#DIV/0!
292665 Ribeirão do Largo;20;Sudoeste Baiano;0;0;#DIV/0!
293180 Tremedal;20;Sudoeste Baiano;1;0;0,0%
293330 Vitória da Conquista;20;Sudoeste Baiano;20;2;10,0%
TOTAL TI;20;Sudoeste Baiano;35;3;8,6%
290485 Cabaceiras do Paraguaçu;21;Recôncavo;1;0;0,0%
290490 Cachoeira;21;Recôncavo;0;0;#DIV/0!
290730 Castro Alves;21;Recôncavo;1;1;100,0%
290830 Conceição do Almeida;21;Recôncavo;1;0;0,0%
290980 Cruz das Almas;21;Recôncavo;6;0;0,0%
291020 Dom Macedo Costa;21;Recôncavo;0;0;#DIV/0!
291160 Governador Mangabeira;21;Recôncavo;3;0;0,0%
292060 Maragogipe;21;Recôncavo;2;0;0,0%
292220 Muniz Ferreira;21;Recôncavo;0;0;#DIV/0!
292230 Muritiba;21;Recôncavo;3;0;0,0%
292250 Nazaré;21;Recôncavo;3;0;0,0%
292730 Salinas da Margarida;21;Recôncavo;0;0;#DIV/0!
292860 Santo Amaro;21;Recôncavo;0;0;#DIV/0!
292870 Santo Antônio de Jesus;21;Recôncavo;9;0;0,0%
292910 São Felipe;21;Recôncavo;3;0;0,0%
292900 São Félix;21;Recôncavo;0;0;#DIV/0!
292960 Sapeaçu;21;Recôncavo;4;0;0,0%
292975 Saubara;21;Recôncavo;0;0;#DIV/0!
293317 Varzedo;21;Recôncavo;0;0;#DIV/0!
TOTAL TI;21;Recôncavo;36;1;2,8%
290060 Aiquara;22;Médio Rio de Contas;2;0;0,0%
290195 Apuarema;22;Médio Rio de Contas;1;0;0,0%
290310 Barra do Rocha;22;Médio Rio de Contas;0;0;#DIV/0!
290370 Boa Nova;22;Médio Rio de Contas;2;1;50,0%
291000 Dário Meira;22;Médio Rio de Contas;0;0;#DIV/0!
291150 Gongogi;22;Médio Rio de Contas;0;0;#DIV/0!
291290 Ibirataia;22;Médio Rio de Contas;2;0;0,0%
291390 Ipiaú;22;Médio Rio de Contas;1;0;0,0%
291510 Itagi;22;Médio Rio de Contas;1;0;0,0%
291520 Itagibá;22;Médio Rio de Contas;0;0;#DIV/0!
291570 Itamari;22;Médio Rio de Contas;0;0;#DIV/0!
291800 Jequié;22;Médio Rio de Contas;5;0;0,0%
291830 Jitaúna;22;Médio Rio de Contas;0;0;#DIV/0!
292040 Manoel Vitorino;22;Médio Rio de Contas;0;0;#DIV/0!
292275 Nova Ibiá;22;Médio Rio de Contas;0;0;#DIV/0!
293230 Ubatã;22;Médio Rio de Contas;0;1;#DIV/0!
TOTAL TI;22;Médio Rio de Contas;14;2;14,3%
290440 Brejolândia;23;Bacia do Rio Corrente;1;0;0,0%
290610 Canápolis;23;Bacia do Rio Corrente;0;0;#DIV/0!
290810 Cocos;23;Bacia do Rio Corrente;2;0;0,0%
290910 Coribe;23;Bacia do Rio Corrente;2;0;0,0%
290930 Correntina;23;Bacia do Rio Corrente;3;0;0,0%
291735 Jaborandi;23;Bacia do Rio Corrente;0;0;#DIV/0!
292810 Santa Maria da Vitória;23;Bacia do Rio Corrente;0;0;#DIV/0!
292820 Santana;23;Bacia do Rio Corrente;3;0;0,0%
292905 São Félix do Coribe;23;Bacia do Rio Corrente;1;0;0,0%
293030 Serra Dourada;23;Bacia do Rio Corrente;4;0;0,0%
293090 Tabocas do Brejo Velho;23;Bacia do Rio Corrente;1;0;0,0%
TOTAL TI;23;Bacia do Rio Corrente;17;0;0,0%
290020 Abaré;24;Itaparica;0;0;#DIV/0!
290770 Chorrochó;24;Itaparica;2;0;0,0%
291140 Glória;24;Itaparica;0;0;#DIV/0!
291990 Macururé;24;Itaparica;0;0;#DIV/0!
292400 Paulo Afonso;24;Itaparica;4;1;25,0%
292710 Rodelas;24;Itaparica;1;0;0,0%
TOTAL TI;24;Itaparica;7;1;14,3%
290135 Andorinha;25;Piemonte Norte do Itapicuru;0;0;#DIV/0!
290180 Antônio Gonçalves;25;Piemonte Norte do Itapicuru;0;0;#DIV/0!
290550 Caldeirão Grande;25;Piemonte Norte do Itapicuru;0;0;#DIV/0!
290600 Campo Formoso;25;Piemonte Norte do Itapicuru;5;1;20,0%
291085 Filadélfia;25;Piemonte Norte do Itapicuru;0;0;#DIV/0!
291770 Jaguarari;25;Piemonte Norte do Itapicuru;3;0;0,0%
292460 Pindobaçu;25;Piemonte Norte do Itapicuru;0;0;#DIV/0!
292525 Ponto Novo;25;Piemonte Norte do Itapicuru;0;0;#DIV/0!
293010 Senhor do Bonfim;25;Piemonte Norte do Itapicuru;9;0;0,0%
TOTAL TI;25;Piemonte Norte do Itapicuru;17;1;5,9%
290570 Camaçari;26;Metropolitano de Salvador;6;2;33,3%
290650 Candeias;26;Metropolitano de Salvador;1;0;0,0%
291005 Dias d'Ávila;26;Metropolitano de Salvador;1;0;0,0%
291610 Itaparica;26;Metropolitano de Salvador;0;0;#DIV/0!
291920 Lauro de Freitas;26;Metropolitano de Salvador;8;1;12,5%
291992 Madre de Deus;26;Metropolitano de Salvador;0;0;#DIV/0!
292100 Mata de São João;26;Metropolitano de Salvador;2;0;0,0%
292520 Pojuca;26;Metropolitano de Salvador;0;0;#DIV/0!
292740 Salvador;26;Metropolitano de Salvador;112;3;2,7%
292920 São Francisco do Conde;26;Metropolitano de Salvador;0;0;#DIV/0!
292950 São Sebastião do Passé;26;Metropolitano de Salvador;0;0;#DIV/0!
293070 Simões Filho;26;Metropolitano de Salvador;3;1;33,3%
293320 Vera Cruz;26;Metropolitano de Salvador;1;1;100,0%
TOTAL TI;26;Metropolitano de Salvador;134;8;6,0%
290340 Belmonte;27;Costa do Descobrimento;1;0;0,0%
291072 Eunápolis;27;Costa do Descobrimento;7;0;0,0%
291180 Guaratinga;27;Costa do Descobrimento;0;0;#DIV/0!
291465 Itabela;27;Costa do Descobrimento;0;0;#DIV/0!
291530 Itagimirim;27;Costa do Descobrimento;0;0;#DIV/0!
291630 Itapebi;27;Costa do Descobrimento;1;0;0,0%
292530 Porto Seguro;27;Costa do Descobrimento;16;0;0,0%
292770 Santa Cruz Cabrália;27;Costa do Descobrimento;1;0;0,0%
TOTAL TI;27;Costa do Descobrimento;26;0;0,0%
290000 Município ignorado - BA;;;0;0;
Total;;;842;51;
 Fonte: SESAB/SUVISA/DIVEP/Sistema de Informação sobre Mortalidade - SIM;;;;;
 Notas:;;;;;
 ;;;;;
   Dados sobre óbitos por causas externas (V01-Y98) de residentes na Bahia, independentemente da UF de ocorrência.;;;;;
"   ""Períodos Disponíveis"" refere-se ao ano de ocorrência do óbito.";;;;;
   Em 2011, houve uma mudança no conteúdo da Declaração de Óbito, com maior detalhamento das informações coletadas. Para este ano, foram;;;;;
 utilizados simultaneamente os dois formulários. Para mais detalhes sobre as mudanças ocorridas e os seus efeitos, veja o documento;;;;;
" ""Sistema de Informações sobre Mortalidade - SIM. Consolidação da base de dados de 2011"".";;;;;
   Nas tabulações por Estabelecimento de saúde, foram consideradas as unidades que declararam pelo menos um óbito no SIM.;;;;;
   Os dados de 2006 a 2013 podem estar quantitativamente diferentes da divulgação de outras fontes, em virtude de atualizações posteriores que são feitas no Estado.;;;;;
   Última atualização realizada em 30/08/2023.;;;;;
 ;;;;;
